n,k,variable,center,radius,box_lower,box_upper,independent_krawczyk_lower,independent_krawczyk_upper,strictly_included,inclusion_margin
2,3,y_1,0.023975033032059214604335877837793424263655859255515106893769201959214680233937169,1.0e-12,[0.02397503303105921459986135116500040207748609464643902418731778594358968023393716900000000000000000000000000000000000000000000000000000000000000000000000000000000 +/- 8.72e-164],[0.02397503303305921460881040451058644644982562386459118960022061797483968023393716900000000000000000000000000000000000000000000000000000000000000000000000000000000 +/- 8.72e-164],[0.02397503303205921460426318883807346181256837588834016818693414340975440909610514571486778389012933019629338701681804588116205144086782615477076132209110610726011 +/- 4.98e-162],[0.02397503303205921460440856683751338671474334262269004560060426050867495137176919305293626915013909582129338701681804588116205144086782615477076132209110610726011 +/- 4.98e-162],True,1.0000000044018378e-12
2,3,y_2,0.62066646388881819732159941629913003853702692199364900573123162799467836116158531,1.0e-12,[0.6206664638878181973171248896263370163508571573845729230247802119790533611615853100000000000000000000000000000000000000000000000000000000000000000000000000000000 +/- 3.32e-162],[0.6206664638898181973260739429719230607231966866027250884376830440103033611615853100000000000000000000000000000000000000000000000000000000000000000000000000000000 +/- 3.32e-162],[0.6206664638888181973215087670744112467960722062328269898982975929490800967153870135812364740410481285962653392735592072410175725200215734265468565342127971736790 +/- 3.32e-161],[0.6206664638888181973216900655238488302779816377544710215641656630402766256077836135668955965080891442212653392735592072410175725200215734265468565342127971736790 +/- 3.32e-161],True,1.0000000043838775e-12
2,3,w_1,0.48154391984969146462210951286184414369923792752527100388249269609959362007900053,1.0e-12,[0.4815439198486914646176349861890511215130681629161949211760412800839686200790005300000000000000000000000000000000000000000000000000000000000000000000000000000000 +/- 1.00e-162],[0.4815439198506914646265840395346371658854076921343470865889441121152186200790005300000000000000000000000000000000000000000000000000000000000000000000000000000000 +/- 1.00e-162],[0.4815439198496914646219653837804812622348799412449389215123984112262971893189081932936006673127908824519828453389646867431700687318507908734233278903977260003933 +/- 1.45e-161],[0.4815439198496914646222536419432070251635959138056030862525869809728900508390928629372411855012674449519828453389646867431700687318507908734233278903977260003933 +/- 1.45e-161],True,1.0000000043303975e-12
2,3,w_2,0.51845608015030853537789048713815585630076207247472899611750730390040637992099947,1.0e-12,[0.5184560801493085353734159604653628341145923078656529134110558878847813799209994700000000000000000000000000000000000000000000000000000000000000000000000000000000 +/- 1.01e-162],[0.5184560801513085353823650138109488784869318370838050788239587199160313799209994700000000000000000000000000000000000000000000000000000000000000000000000000000000 +/- 1.01e-162],[0.5184560801503085353777463580567929748364040861943969137474130190271099491609071370627588144987325550480171546610353132568299312681492091265766721096022739996067 +/- 1.01e-161],[0.5184560801503085353780346162195187377651200587550610784876015887737028106810918067063993326872091175480171546610353132568299312681492091265766721096022739996067 +/- 1.01e-161],True,1.0000000043303975e-12
2,3,E,0.10500586736550084106020059678236969892735460435058786751587701153463130755249888,1.0e-12,[0.1050058673645008410557260701095766767411848397415117848094255955190063075524988800000000000000000000000000000000000000000000000000000000000000000000000000000000 +/- 1.75e-163],[0.1050058673665008410646751234551627211135243689596639502223284275502563075524988800000000000000000000000000000000000000000000000000000000000000000000000000000000 +/- 1.75e-163],[0.1050058673655008410584601827884799107192962902001337252569961374178758858425311031928710040745996433589170089240315848653579510705571327290505977861105838847389 +/- 3.43e-161],[0.1050058673655008410619410107762594871354129185010420097747578856513867292624666574588469562230371433589170089240315848653579510705571327290505977861105838847389 +/- 3.43e-161],True,1.0000000027341126e-12
3,4,y_1,0.0048599089693236346170030722197850592144754335708595227384202013799336635694224898,1.0e-12,[0.004859908968323634612528545546992037028305668961783440031968785364308663569422489800000000000000000000000000000000000000000000000000000000000000000000000000000000 +/- 1.04e-164],[0.004859908970323634621477598892578081400645198179935605444871617395558663569422489800000000000000000000000000000000000000000000000000000000000000000000000000000000 +/- 1.04e-164],[0.004859908969323634616177286139763063139853395624312695488695480969904641691859862649801402629118579667659503702306636870220989617420748720049696065682257236215890 +/- 4.33e-163],[0.004859908969323634617828858299807055289097471517406349988144921789962685446985117042425303996306079667659503702306636870220989617420748720049696065682257236215890 +/- 4.33e-163],True,1.0000000036487405e-12
3,4,y_2,0.17964236881321444545378936613101973836056415496750524689574447620641597661065639,1.0e-12,[0.1796423688122144454493148394582267161743943903584291641892930601907909766106563900000000000000000000000000000000000000000000000000000000000000000000000000000000 +/- 5.21e-163],[0.1796423688142144454582638928038127605467339195765813296021958922220409766106563900000000000000000000000000000000000000000000000000000000000000000000000000000000 +/- 5.21e-163],[0.1796423688132144454465159568569342812523239935216577997265782317991369671455282025739071735777331082293939569884756439875799217303179890567353616411852255817373 +/- 4.60e-161],[0.1796423688132144454610627754051051954688043164133526940649107206136949860757845693036435017027331082293939569884756439875799217303179890567353616411852255817373 +/- 4.60e-161],True,9.999999972011174e-13
3,4,y_3,0.76233019712022900953134456743541076381435970697601507249677656334726105428974492,1.0e-12,[0.7623301971192290095268700407626177416281899423669389897903251473316360542897449200000000000000000000000000000000000000000000000000000000000000000000000000000000 +/- 4.06e-162],[0.7623301971212290095358190941082037860005294715850911552032279793628860542897449200000000000000000000000000000000000000000000000000000000000000000000000000000000 +/- 4.06e-162],[0.7623301971202290095286793807574793795357432384624225930310390685768667762689140918635467259378927592350605805207249211851923399547364322809551204183920861901269 +/- 9.24e-162],[0.7623301971202290095340097541133421480929761754896075519625140581176553323105757418059447972269552592350605805207249211851923399547364322809551204183920861901269 +/- 9.24e-162],True,1.00000000180934e-12
3,4,w_1,0.1733930820180607016584918338300174216168551533929352656932018770511355922644214,1.0e-12,[0.1733930820170607016540173071572243994306853887838591829867504610355105922644214000000000000000000000000000000000000000000000000000000000000000000000000000000000 +/- 3.30e-163],[0.1733930820190607016629663605028104438030249180020113483996532930667605922644214000000000000000000000000000000000000000000000000000000000000000000000000000000000 +/- 3.30e-163],[0.1733930820180607016449212865160313736407438566377478983798796217378118979831413630591409544209593525408535802517922703898799733534448725486376472105755341229932 +/- 3.94e-161],[0.1733930820180607016720623811440034695929664501481226330065241323644592865457014445410745481709593525408535802517922703898799733534448725486376472105755341229932 +/- 3.94e-161],True,9.999999909039793e-13
3,4,w_2,0.51083400326403967448875760757465357123846881767763461216317665445356366446343288,1.0e-12,[0.5108340032630396744842830809018605490522990530685585294567252384379386644634328800000000000000000000000000000000000000000000000000000000000000000000000000000000 +/- 3.03e-162],[0.5108340032650396744932321342474465934246385822867106948696280704691886644634328800000000000000000000000000000000000000000000000000000000000000000000000000000000 +/- 3.03e-162],[0.5108340032640396744789054160656120102369905370331033051461233534862728124773971741876708768272753781058142027683601534775082536657224400607312617231970897004736 +/- 3.78e-161],[0.5108340032640396744986097990836951322399470983221659191802299554208545164494685834131347440147753781058142027683601534775082536657224400607312617231970897004736 +/- 3.78e-161],True,9.999999946223352e-13
3,4,w_3,0.31577291471789962385275055859532900714467602892943012214362146849530074327214572,1.0e-12,[0.3157729147168996238482760319225359849585062643203540394371700524796757432721457200000000000000000000000000000000000000000000000000000000000000000000000000000000 +/- 1.14e-162],[0.3157729147188996238572250852681220293308457935385062048500728845109257432721457200000000000000000000000000000000000000000000000000000000000000000000000000000000 +/- 1.14e-162],[0.3157729147178996238487649073132719819728175078749091686527308794293027145993797769717092869158277693533322169798475761326117729808326873906310910662273761765331 +/- 1.64e-161],[0.3157729147178996238567362098773860323165345499839510756345120575612987719449116578272695896502027693533322169798475761326117729808326873906310910662273761765331 +/- 1.64e-161],True,1.0000000004888754e-12
3,4,b_1,0.096326411327406501624302381254051633176562314635658151991801915986067051373025273,1.0e-12,[0.09632641132640650161982785458125861099039255002658206928535049997044205137302527300000000000000000000000000000000000000000000000000000000000000000000000000000000 +/- 4.97e-163],[0.09632641132840650162877690792684465536273207924473423469825333200169205137302527300000000000000000000000000000000000000000000000000000000000000000000000000000000 +/- 4.97e-163],[0.09632641132740650158981294531000798528452326591140534387714771526425118262653598618785408425723217798175936790997269837142791952170315783912948313260919386661014 +/- 3.65e-162],[0.09632641132740650165879181719809528106860136335991096010645611670788292011951455903331306863223217798175936790997269837142791952170315783912948313260919386661014 +/- 3.65e-162],True,9.999999699850907e-13
3,4,E,0.0043654044727458921825229570133951123377138789407000516324533462121565894541514717,1.0e-12,[0.004365404471745892178048430340602090151544114331623968926001930196531589454151471700000000000000000000000000000000000000000000000000000000000000000000000000000000 +/- 2.93e-165],[0.004365404473745892186997483686188134523883643549776134338904762227781589454151471700000000000000000000000000000000000000000000000000000000000000000000000000000000 +/- 2.93e-165],[0.004365404472745892170959013802733776980724422257531474226912857045232499795146068213069652507199756919198473911334903974807513567963134826287915578039439937215081 +/- 3.69e-163],[0.004365404472745892194086900224056447694703335623868629037993835379080679113156875250423168132199756919198473911334903974807513567963134826287915578039439937215081 +/- 3.69e-163],True,9.999999929105835e-13
3,5,y_1,0.014337704146548202253674009365454614144860566853691657559826616613952634579312026,1.0e-12,[0.01433770414554820224919948269266159195869080224461557485337520059832763457931202600000000000000000000000000000000000000000000000000000000000000000000000000000000 +/- 3.50e-164],[0.01433770414754820225814853603824763633103033146276774026627803262957763457931202600000000000000000000000000000000000000000000000000000000000000000000000000000000 +/- 3.50e-164],[0.01433770414654820225351252783756897659809658650004441661024609663867104508395920769453246502589576745320987562493138378011375082987301287708445800794628192620536 +/- 4.22e-162],[0.01433770414654820225383549089334025169162454720733889850940713658923422407466484495580394177150123620320987562493138378011375082987301287708445800794628192620536 +/- 4.22e-162],True,1.0000000043130451e-12
3,5,y_2,0.31298071277937103669492380004417862969234011803749957622516533238567238140577856,1.0e-12,[0.3129807127783710366904492733713856075061703534284234935187139163700473814057785600000000000000000000000000000000000000000000000000000000000000000000000000000000 +/- 4.92e-163],[0.3129807127803710366993983267169716518785098826465756589316167484012973814057785600000000000000000000000000000000000000000000000000000000000000000000000000000000 +/- 4.92e-163],[0.3129807127793710366937811506029688722071843860923266247065117289102440549865731534399611894017528998900419942704129782659144703430585129752398657305808833267687 +/- 3.51e-161],[0.3129807127793710366960664494853883871774958499826725277438189358611007078249839630760772172337841498900419942704129782659144703430585129752398657305808833267687 +/- 3.51e-161],True,1.0000000033318772e-12
3,5,y_3,0.82709377447807682918736900288537376962904004380956466116295532799069730098489827,1.0e-12,[0.8270937744770768291828944762125807474428702792004885784565039119750723009848982700000000000000000000000000000000000000000000000000000000000000000000000000000000 +/- 2.42e-162],[0.8270937744790768291918435295581667918152098084186407438694067440063223009848982700000000000000000000000000000000000000000000000000000000000000000000000000000000 +/- 2.42e-162],[0.8270937744780768291868480248202183573348347874042963492973295702845420599180172806467322635229854063096099123653147099195077128598182450358615215257547046084423 +/- 2.05e-161],[0.8270937744780768291878899809505291819232453002148329730285810856968525420517792602862624454077510313096099123653147099195077128598182450358615215257547046084423 +/- 2.05e-161],True,1.0000000039535487e-12
3,5,w_1,0.3248117062118606764396074845860746436475951929419141367808831884135534275859836,1.0e-12,[0.3248117062108606764351329579132816214614254283328380540744317723979284275859836000000000000000000000000000000000000000000000000000000000000000000000000000000000 +/- 2.11e-162],[0.3248117062128606764440820112588676658337649575509902194873346044291784275859836000000000000000000000000000000000000000000000000000000000000000000000000000000000 +/- 2.11e-162],[0.3248117062118606764384821047000530891102827248705009574810664681111793763424511464696493883261360193293242246625056276467164608536951416987264325035328587991699 +/- 3.19e-161],[0.3248117062118606764407328644720961981849076610133273160806999087159274788295160444837179918417610193293242246625056276467164608536951416987264325035328587991699 +/- 3.19e-161],True,1.0000000033491468e-12
3,5,w_2,0.4469206723655802697931857872887866760812662276616358122891969378452719992231052,1.0e-12,[0.4469206723645802697887112606159936538950964630525597295827455218296469992231052000000000000000000000000000000000000000000000000000000000000000000000000000000000 +/- 4.89e-163],[0.4469206723665802697976603139615796982674359922707118949956483538608969992231052000000000000000000000000000000000000000000000000000000000000000000000000000000000 +/- 4.89e-163],[0.4469206723655802697926878361917838009048127104249473897460332754859385558040869094028033805549043552118688859371160843976227523817543104951139288525572677651082 +/- 3.11e-161],[0.4469206723655802697936837383857895512577197448983242348323606002046054426421234987272777152717012302118688859371160843976227523817543104951139288525572677651082 +/- 3.11e-161],True,1.0000000039765757e-12
3,5,w_3,0.2282676214225590537672067281251386802711385793964500509299198737411745731909112,1.0e-12,[0.2282676214215590537627322014523456580849688147873739682234684577255495731909112000000000000000000000000000000000000000000000000000000000000000000000000000000000 +/- 6.11e-163],[0.2282676214235590537716812547979317024573083440055261336363712897567995731909112000000000000000000000000000000000000000000000000000000000000000000000000000000000 +/- 6.11e-163],[0.2282676214225590537665221309768047822691422842714048904701815822160187998482077313606614736726705629588068894003782879556607867645505478061596386439098734357219 +/- 3.03e-162],[0.2282676214225590537678913252734725782731348745214952113896581652663303465336146695558900503328268129588068894003782879556607867645505478061596386439098734357219 +/- 3.03e-162],True,1.0000000037899295e-12
3,5,E,0.069808046041560936662442271868847843693802247192356761498250970223527724081365735,1.0e-12,[0.06980804604056093665796774519605482150763248258328067879179955420790272408136573500000000000000000000000000000000000000000000000000000000000000000000000000000000 +/- 3.69e-163],[0.06980804604256093666691679854164086587997201180143284420470238623915272408136573500000000000000000000000000000000000000000000000000000000000000000000000000000000 +/- 3.69e-163],[0.06980804604156093665901044475243520116345438493642192548540702320616880977265012312533952537512919022230851688239163452075315434286832383576832136240882653601518 +/- 1.21e-163],[0.06980804604156093666587409898526048622415010944829159751109491724088663839008134651782609764075419022230851688239163452075315434286832383576832136240882653601518 +/- 1.21e-163],True,1.0000000010426995e-12
4,5,y_1,0.0020491896036606515752316576160371853891425449200806167991151877159786020891459082,1.0e-12,[0.002049189602660651570757130943244163202972780311004534092663771700353602089145908200000000000000000000000000000000000000000000000000000000000000000000000000000000 +/- 2.62e-165],[0.002049189604660651579706184288830207575312309529156699505566603731603602089145908200000000000000000000000000000000000000000000000000000000000000000000000000000000 +/- 2.62e-165],[0.002049189603660651562932115899105971886572470967013615636228625389430301172816881939904476609608589736070878653792352595593467161012874724970529221788646050924271 +/- 4.84e-163],[0.002049189603660651587531199332968398891712618873147617962001750042526903005474934384362484422108589736070878653792352595593467161012874724970529221788646050924271 +/- 4.84e-163],True,9.999999921749849e-13
4,5,y_2,0.04836055973063583628595511074180645673640678417775901250832844038753381859117923,1.0e-12,[0.04836055972963583628148058406901343455023701956868292980187702437190881859117923000000000000000000000000000000000000000000000000000000000000000000000000000000000 +/- 2.29e-163],[0.04836055973163583629042963741459947892257654878683509521477985640315881859117923000000000000000000000000000000000000000000000000000000000000000000000000000000000 +/- 2.29e-163],[0.04836055973063583612721482485248427319619117829150330330792313429568156528824744436174758141211942532617759181574026111170881135225524026579896017488898839824302 +/- 3.10e-163],[0.04836055973063583644469539663112864027662239006401472170873374647938607189411101552873976891211942532617759181574026111170881135225524026579896017488898839824302 +/- 3.10e-163],True,9.999998457342408e-13
4,5,y_3,0.35626221176847530415387808754483274832916863657263379780549209857399924988476289,1.0e-12,[0.3562622117674753041494035608720397261429988719635577150990406825583742498847628900000000000000000000000000000000000000000000000000000000000000000000000000000000 +/- 1.56e-163],[0.3562622117694753041583526142176257705153384011817098805119435145896242498847628900000000000000000000000000000000000000000000000000000000000000000000000000000000 +/- 1.56e-163],[0.3562622117684753039438195859229674852231144672088219662331503390631079706790829996338060718354582165428470057180530837713165642508800366497056363900361325048796 +/- 1.98e-161],[0.3562622117684753043639365891666980114352228059364456293778338580848905290904427866211107593354582165428470057180530837713165642508800366497056363900361325048796 +/- 1.98e-161],True,9.99999794416025e-13
4,5,y_4,0.83865553165061338416331176032055186022781008955682342375839171048105022174089125,1.0e-12,[0.8386555316496133841588372336477588380416403249477473410519402944654252217408912500000000000000000000000000000000000000000000000000000000000000000000000000000000 +/- 3.33e-162],[0.8386555316516133841677862869933448824139798541658995064648431264966752217408912500000000000000000000000000000000000000000000000000000000000000000000000000000000 +/- 3.33e-162],[0.8386555316506133841053717563835234806579701150908666931157677152721993928101556626589768868998067975549708755891103989594962541816531777568840284653725944792065 +/- 3.60e-161],[0.8386555316506133842212517642575802397976500640227801544010157056899010506716268388064378243998067975549708755891103989594962541816531777568840284653725944792065 +/- 3.60e-161],True,9.999999465345227e-13
4,5,w_1,0.10140746149903025715868090059954345727139939681585867837158779654890672661507816,1.0e-12,[0.1014074614980302571542063739267504350852296322067825956651363805332817266150781600000000000000000000000000000000000000000000000000000000000000000000000000000000 +/- 3.82e-163],[0.1014074615000302571631554272723364794575691614249347610780392125645317266150781600000000000000000000000000000000000000000000000000000000000000000000000000000000 +/- 3.82e-163],[0.1014074614990302568738552153397452097714432687232456503693543192395605275794336259263118231944217650040117917704587594699651716597014696748915143550963074132473 +/- 2.03e-161],[0.1014074614990302574435065858593417047713555249084717063738212738582529256507226884263118231944217650040117917704587594699651716597014696748915143550963074132473 +/- 2.03e-161],True,9.999997196488414e-13
4,5,w_2,0.28941637368550365624667699972638583524964748668189205171705563219297862816854111,1.0e-12,[0.2894163736845036562422024730535928130634777220728159690106042161773536281685411100000000000000000000000000000000000000000000000000000000000000000000000000000000 +/- 9.70e-163],[0.2894163736865036562511515263991788574358172512909681344235070482086036281685411100000000000000000000000000000000000000000000000000000000000000000000000000000000 +/- 9.70e-163],[0.2894163736855036562206111479072402392630131190203637283049100075772463969911514918351580054688359123964351528801898898716546825531208220081562781860594154267580 +/- 3.61e-161],[0.2894163736855036562727428515455314312362818543434203751292012568087108593459307353043962867188359123964351528801898898716546825531208220081562781860594154267580 +/- 3.61e-161],True,9.999999784086748e-13
4,5,w_3,0.39751746153573288235563608951329444726650164314140925082569205265124995106066698,1.0e-12,[0.3975174615347328823511615628405014250803318785323331681192406366356249510606669800000000000000000000000000000000000000000000000000000000000000000000000000000000 +/- 7.92e-163],[0.3975174615367328823601106161860874694526714077504853335321434686668749510606669800000000000000000000000000000000000000000000000000000000000000000000000000000000 +/- 7.92e-163],[0.3975174615357328821450789126887462148493846156449064522920301927590867582073354153410205717661309538828104854076314226417966003298433674402132406702223771365844 +/- 2.92e-161],[0.3975174615357328825661932663378426796836186706379120493593539125434131439139985470548877592661309538828104854076314226417966003298433674402132406702223771365844 +/- 2.92e-161],True,9.999997939173498e-13
4,5,w_4,0.21165870327973320423900601016077626021245147336084001908566451860686469415571375,1.0e-12,[0.2116587032787332042345314834879832380262817087517639363792131025912396941557137500000000000000000000000000000000000000000000000000000000000000000000000000000000 +/- 8.8e-164],[0.2116587032807332042434805368335692823986212379699161017921159346224896941557137500000000000000000000000000000000000000000000000000000000000000000000000000000000 +/- 8.8e-164],[0.2116587032797332041568124495714143233665990648379641306109742761601239541768638602080564745706113687167425699417199280165835454573343408767389667886219000234102 +/- 1.13e-161],[0.2116587032797332043211995707501381970583038818837159075603547610536054341345636359038572558206113687167425699417199280165835454573343408767389667886219000234102 +/- 1.13e-161],True,9.99999922280966e-13
4,5,b_1,0.087704157840579866696587541330525449055982784356895326752898984520101924322143049,1.0e-12,[0.08770415783957986669211301465773242686981301974781924404644756850447692432214304900000000000000000000000000000000000000000000000000000000000000000000000000000000 +/- 2.0e-164],[0.08770415784157986670106206800331847124215254896597140945935040053572692432214304900000000000000000000000000000000000000000000000000000000000000000000000000000000 +/- 2.0e-164],[0.08770415784057986609459658106544297015187893661440340944756927728721593030501887259369235188852255289971945432809048093788363522984659518485822451962807969365591 +/- 4.99e-162],[0.08770415784057986729857850159560792796008663209938724405822869175298791833926722464447360188852255289971945432809048093788363522984659518485822451962807969365591 +/- 4.99e-162],True,9.999994024835664e-13
4,5,b_2,0.10712715881892533252638266926753385662606315685845673587073298199308710999368192,1.0e-12,[0.1071271588179253325219081425947408344398933922493806531642815659774621099936819200000000000000000000000000000000000000000000000000000000000000000000000000000000 +/- 4.92e-163],[0.1071271588199253325308571959403268788122329214675328185771843980087121099936819200000000000000000000000000000000000000000000000000000000000000000000000000000000 +/- 4.92e-163],[0.1071271588189253318639435171472162322084228556392583626314388400255390525567388634572076022728462866192375530241938650814112896866510464915322486219988627029578 +/- 8.78e-162],[0.1071271588189253331888218213878514810437034580776551091100271239606351674306249718556451022728462866192375530241938650814112896866510464915322486219988627029578 +/- 8.78e-162],True,9.999993420353746e-13
4,5,E,0.00017943334945250058747245033604004338658930646802809382147277859928902931983640623,1.0e-12,[0.0001794333484525005829979236632470212004195418589520111150213625836640293198364062300000000000000000000000000000000000000000000000000000000000000000000000000000000 +/- 8.98e-166],[0.0001794333504525005919469770088330655727590710771041765279241946149140293198364062300000000000000000000000000000000000000000000000000000000000000000000000000000000 +/- 8.98e-166],[0.0001794333494525005722178740131018006438887347627138767079034369220407260070281310082407674381098621546829080263679159602156055466997570596914037284189579240024524 +/- 5.93e-165],[0.0001794333494525006027270266589782861292898781733423109350421202765373326326446814537974080631098621546829080263679159602156055466997570596914037284189579240024524 +/- 5.93e-165],True,9.999999892199504e-13
4,6,y_1,0.0039410920047379337540812808308473790073078884797971992117387072254317464207723017,1.0e-12,[0.003941092003737933749606754158054356821138123870721116505287291209806746420772301700000000000000000000000000000000000000000000000000000000000000000000000000000000 +/- 5.5e-166],[0.003941092005737933758555807503640401193477653088873281918190123241056746420772301700000000000000000000000000000000000000000000000000000000000000000000000000000000 +/- 5.5e-166],[0.003941092004737933752993707864170454093825157916781534374585000746431298549841644930309515029899630087447905485654532412820536592526884658578463577518357833543486 +/- 4.07e-165],[0.003941092004737933755168853797524303920790619042812864048892413704432194291702958511776189834587130087447905485654532412820536592526884658578463577518357833543486 +/- 4.07e-165],True,1.0000000033869538e-12
4,6,y_2,0.10290197368502874450231147154937032858824124698617567882262725402894760667786662,1.0e-12,[0.1029019736840287444978369448765773064020714823770995961161758380133226066778666200000000000000000000000000000000000000000000000000000000000000000000000000000000 +/- 1.56e-163],[0.1029019736860287445067859982221633507744110115952517615290786700445726066778666200000000000000000000000000000000000000000000000000000000000000000000000000000000 +/- 1.56e-163],[0.1029019736850287444906963655719431958164419628643720956085885297927863914470440531586738923964357784284232994175885479764158543329618345708707655416816153393904 +/- 3.15e-161],[0.1029019736850287445139265775267974613600405311079792620366659782651088219086891795014473298964357784284232994175885479764158543329618345708707655416816153393904 +/- 3.15e-161],True,9.999999928594207e-13
4,6,y_3,0.46867890793284071548322983200022477729265375496977465014738754856879260485503631,1.0e-12,[0.4686789079318407154787553053274317551064839903606985674409361325531676048550363100000000000000000000000000000000000000000000000000000000000000000000000000000000 +/- 1.57e-162],[0.4686789079338407154877043586730177994788235195788507328538389645844176048550363100000000000000000000000000000000000000000000000000000000000000000000000000000000 +/- 1.57e-162],[0.4686789079328407154689403901392429505682028843281253519740507246326955428950096846709712880706970910633429148486503951327519312167498021182467072451933631178991 +/- 4.64e-161],[0.4686789079328407154975192738612066040171046256114239483207243725048896668150629283080562490081970910633429148486503951327519312167498021182467072451933631178991 +/- 4.64e-161],True,9.999999901850848e-13
4,6,y_4,0.87692826900784652133616988630474178375740197925936747439949446699394868890769854,1.0e-12,[0.8769282690068465213316953596319487615712322146502913916930430509783236889076985400000000000000000000000000000000000000000000000000000000000000000000000000000000 +/- 1.34e-162],[0.8769282690088465213406444129775348059435717438684435571059458830095736889076985400000000000000000000000000000000000000000000000000000000000000000000000000000000 +/- 1.34e-162],[0.8769282690078465213318590321569063026414699332955776815729906786462124987180910954774530986476637989971674538069211171079869425894489663275416630033495487671279 +/- 3.26e-161],[0.8769282690078465213404807404525772648733340252231572672259982553416848790973059783281000713039137989971674538069211171079869425894489663275416630033495487671279 +/- 3.26e-161],True,1.0000000001636725e-12
4,6,w_1,0.14901076054750058705681559023673437029469061359360411751047631460076980961401519,1.0e-12,[0.1490107605465005870523410635639413481085208489845280348040248985851448096140151900000000000000000000000000000000000000000000000000000000000000000000000000000000 +/- 8.81e-163],[0.1490107605485005870612901169095273924808603782026802002169277306163948096140151900000000000000000000000000000000000000000000000000000000000000000000000000000000 +/- 8.81e-163],[0.1490107605475005870377910547916692698154103008834173522062108152906929617087220815732339866567365619154290615416921387310953332858170761321507173362875500958383 +/- 3.97e-161],[0.1490107605475005870758401256817994707739709263037908828147418139108466575193082956387857444692365619154290615416921387310953332858170761321507173362875500958383 +/- 3.97e-161],True,9.999999854499912e-13
4,6,w_2,0.36029433243365671170314618268249509515049853047376720028510615000308626360334791,1.0e-12,[0.3602943324326567116986716560097020729643287658646911175786547339874612636033479100000000000000000000000000000000000000000000000000000000000000000000000000000000 +/- 1.97e-162],[0.3602943324346567117076207093552881173366682950828432829915575660187112636033479100000000000000000000000000000000000000000000000000000000000000000000000000000000 +/- 1.97e-162],[0.3602943324336567116882847956625952942629058493404265600063556725820870316222343546100069584160152113431294006545093768068933499996807499692708299922413798426140 +/- 1.73e-161],[0.3602943324336567117180075697023948960380912116071078405638566274240854955844614607043673099785152113431294006545093768068933499996807499692708299922413798426140 +/- 1.73e-161],True,9.999999896131397e-13
4,6,w_3,0.32978169216754234738977225840477601304201905465970952164621573216725803578884413,1.0e-12,[0.3297816921665423473852977317319829908558492900506334389397643161516330357888441300000000000000000000000000000000000000000000000000000000000000000000000000000000 +/- 1.08e-162],[0.3297816921685423473942467850775690352281888192687856043526671481828830357888441300000000000000000000000000000000000000000000000000000000000000000000000000000000 +/- 1.08e-162],[0.3297816921675423473803921108232112076204709431806510580871714868948688738062705626186503292744647017304491559204278716096152851121562555859654655102347850450420 +/- 3.28e-161],[0.3297816921675423473991524059863408184635671661387679852052599774396471977714177002605570675557147017304491559204278716096152851121562555859654655102347850450420 +/- 3.28e-161],True,9.999999950943791e-13
4,6,w_4,0.16091321485130035385026596867599452151279180127291916055820180322888589099379277,1.0e-12,[0.1609132148503003538457914420032014993266220366638430778517503872132608909937927700000000000000000000000000000000000000000000000000000000000000000000000000000000 +/- 4e-165],[0.1609132148523003538547404953487875436989615658819952432646532192445108909937927700000000000000000000000000000000000000000000000000000000000000000000000000000000 +/- 4e-165],[0.1609132148513003538445410207521001940366482929052246741302394839318056062525512874167519141293460250109923818833706128523960316023459183126129871612362850165057 +/- 2.65e-161],[0.1609132148513003538559909165998888489889353096406136469861641225259661757350342571776466895199710250109923818833706128523960316023459183126129871612362850165057 +/- 2.65e-161],True,9.999999987495788e-13
4,6,b_1,0.095587797001743895047819679843276293982629281076550022952141396265296557590040884,1.0e-12,[0.09558779700074389504334515317048327179645951646747394024568998024967155759004088400000000000000000000000000000000000000000000000000000000000000000000000000000000 +/- 2.8e-164],[0.09558779700274389505229420651606931616879904568562610565859281228092155759004088400000000000000000000000000000000000000000000000000000000000000000000000000000000 +/- 2.8e-164],[0.09558779700174389499252400157721473061178994244131646522385346206880937204477520891092489281898692025888719912752603272676526572154520867231874801945953959573482 +/- 2.58e-162],[0.09558779700174389510311535810933785735346861971178358068042933046178374313530655809305379906898692025888719912752603272676526572154520867231874801945953959573482 +/- 2.58e-162],True,9.999999491788483e-13
4,6,E,0.0029432194817884319289499011184712058188596397471757218799202878725243779885476891,1.0e-12,[0.002943219480788431924475374445678183632689875138099639173468871856899377988547689100000000000000000000000000000000000000000000000000000000000000000000000000000000 +/- 4.26e-165],[0.002943219482788431933424427791264228005029404356251804586371703888149377988547689100000000000000000000000000000000000000000000000000000000000000000000000000000000 +/- 4.26e-165],[0.002943219481788431916527563445010666055303220910663559622885002366134168213129645926577524357307229109912509235335543238974725234974312332430661589353283695727986 +/- 1.21e-163],[0.002943219481788431941372238791931745582416058583687884136955573378914587763965732199770883732307229109912509235335543238974725234974312332430661589353283695727986 +/- 1.21e-163],True,9.99999992052189e-13
4,7,y_1,0.0098604348680662390098174165392115972217096269705003642158705356971640982418924117,1.0e-12,[0.009860434867066239005342889866418575035539862361424281509419119681539098241892411700000000000000000000000000000000000000000000000000000000000000000000000000000000 +/- 2.84e-164],[0.009860434869066239014291943212004619407879391579576446922321951712789098241892411700000000000000000000000000000000000000000000000000000000000000000000000000000000 +/- 2.84e-164],[0.009860434868066239008357917213713783121785884680672097719407996893395204683593242737107786601557435521935172213509649310721321676427170473403352924479740852772668 +/- 5.8e-165],[0.009860434868066239011276915864709411321633369260328630712333074500932991800191580625825437968744935521935172213509649310721321676427170473403352924479740852772668 +/- 5.8e-165],True,1.0000000030150273e-12
4,7,y_2,0.18412559927122428298845532922351416587072850470701504238035595007714170745282434,1.0e-12,[0.1841255992702242829839808025507211436845587400979389596739045340615167074528243400000000000000000000000000000000000000000000000000000000000000000000000000000000 +/- 1.03e-162],[0.1841255992722242829929298558963071880568982693160911250868073660927667074528243400000000000000000000000000000000000000000000000000000000000000000000000000000000 +/- 1.03e-162],[0.1841255992712242829620230017588583958008237981983687952486340431238250598934199683814429386852989200376154254292316894588806769037357534848927032400222486934011 +/- 2.24e-161],[0.1841255992712242830148876566881699359406332112156612895120778570304583550122287147193335636852989200376154254292316894588806769037357534848927032400222486934011 +/- 2.24e-161],True,9.999999780421992e-13
4,7,y_3,0.56067365674677874025794130285526288649197848628391176739602849069169966994314579,1.0e-12,[0.5606736567457787402534667761824698643058087216748356846895770746760746699431457900000000000000000000000000000000000000000000000000000000000000000000000000000000 +/- 7.4e-164],[0.5606736567477787402624158295280559086781482508929878501024799067073246699431457900000000000000000000000000000000000000000000000000000000000000000000000000000000 +/- 7.4e-164],[0.5606736567467787402235545056162193189294777464498755596422416505339271391415515347101766006074560389639628706041877187877841066420652549199730577382648362221256 +/- 3.84e-161],[0.5606736567467787402923281000943064540544792261179479751498153308494722007447400494196492568574560389639628706041877187877841066420652549199730577382648362221256 +/- 3.84e-161],True,9.999999700877293e-13
4,7,y_4,0.90320124575940906461102770095162074223838195830573189289266471787107218694215485,1.0e-12,[0.9032012457584090646065531742788277200522121936966558101862133018554471869421548500000000000000000000000000000000000000000000000000000000000000000000000000000000 +/- 2.64e-162],[0.9032012457604090646155022276244137644245517229148079755991161338866971869421548500000000000000000000000000000000000000000000000000000000000000000000000000000000 +/- 2.64e-162],[0.9032012457594090646008750548284044019852471350364768829880544526898814888838104266685646513039007894238907142865517216623555251658138527920091633781172374677895 +/- 3.00e-161],[0.9032012457594090646211803470748370824915167815749869027972749830522628850004992742103737333351507894238907142865517216623555251658138527920091633781172374677895 +/- 3.00e-161],True,9.999999943218805e-13
4,7,w_1,0.24884518534525921663992978456012617103537092091228069577265651831881316356768399,1.0e-12,[0.2488451853442592166354552578873331488492011563032046130662051023031881635676839900000000000000000000000000000000000000000000000000000000000000000000000000000000 +/- 7.56e-163],[0.2488451853462592166444043112329191932215406855213567784791079343344381635676839900000000000000000000000000000000000000000000000000000000000000000000000000000000 +/- 7.56e-163],[0.2488451853452592166171533248425969542066528679295672780248055924980281128216305352668527431734127818092799568850372828035858372632038568400273765289736808001784 +/- 2.44e-161],[0.2488451853452592166627062442776553878640889738949941135205074441395982143137374497871164150484127818092799568850372828035858372632038568400273765289736808001784 +/- 2.44e-161],True,9.99999981698067e-13
4,7,w_2,0.35453090041122809760839579011534711262420851781605455606480559013616013769432904,1.0e-12,[0.3545309004102280976039212634425540904380387532069784733583541741205351376943290400000000000000000000000000000000000000000000000000000000000000000000000000000000 +/- 1.85e-162],[0.3545309004122280976128703167881401348103782824251306387712570061517851376943290400000000000000000000000000000000000000000000000000000000000000000000000000000000 +/- 1.85e-162],[0.3545309004112280975977854737414358678030475714051690072935198988198805841188877964034363293271435201238290053771485706036993156282193238772730425865334726321484 +/- 3.26e-161],[0.3545309004112280976190061064892583574453694642269401048360912814524396912697702789321228527646435201238290053771485706036993156282193238772730425865334726321484 +/- 3.26e-161],True,9.999999938642103e-13
4,7,w_3,0.27043023488154012803757243993396795163793802851438604978820287874068382879897182,1.0e-12,[0.2704302348805401280330979132611749294517682639053099670817514627250588287989718200000000000000000000000000000000000000000000000000000000000000000000000000000000 +/- 7e-165],[0.2704302348825401280420469666067609738241077931234621324946542947563088287989718200000000000000000000000000000000000000000000000000000000000000000000000000000000 +/- 7e-165],[0.2704302348815401280192736371346605753080503762856182274254823489021859328187180067011522356162419402317949042297926305120167155300706158591707797889083529753046 +/- 1.56e-161],[0.2704302348815401280558712427332753279678256807431538721509234085791817247792256380030321184287419402317949042297926305120167155300706158591707797889083529753046 +/- 1.56e-161],True,9.999999861757238e-13
4,7,w_4,0.12619367936197255771410198539055876470248253275727869837433501280434286993901515,1.0e-12,[0.1261936793609725577096274587177657425163127681482026156678835967887178699390151500000000000000000000000000000000000000000000000000000000000000000000000000000000 +/- 3.75e-163],[0.1261936793629725577185765120633517868886522973663547810807864288199678699390151500000000000000000000000000000000000000000000000000000000000000000000000000000000 +/- 3.75e-163],[0.1261936793619725577009417934977797471398124412511517431051724977101483377997883532102847661019517578350961335080215160806981315785062034235288010955844935923687 +/- 2.10e-161],[0.1261936793619725577272621772833377822651526242634056536434975278985374020782419416960025395394517578350961335080215160806981315785062034235288010955844935923687 +/- 2.10e-161],True,9.999999913143348e-13
4,7,E,0.045979822253452817826732862406721126510329632319674157117054584015398474786722172,1.0e-12,[0.04597982225245281782225833573392810432415986771059807441060316799977347478672217200000000000000000000000000000000000000000000000000000000000000000000000000000000 +/- 1.28e-163],[0.04597982225445281783120738907951414869649939692875023982350600003102347478672217200000000000000000000000000000000000000000000000000000000000000000000000000000000 +/- 1.28e-163],[0.04597982225345281781424735676569477388590390819452908949756340471495907628379117367404798246645241587415595642866216834062688316676339014044920202758082781513393 +/- 2.07e-162],[0.04597982225345281783921836804774747913475535644481922473654576331583787328965317127841809965395241587415595642866216834062688316676339014044920202758082781513393 +/- 2.07e-162],True,9.999999919890211e-13
